MLfunction,Conv,Nb_train,PredictionExacte,Distance,Prediction+1,Prediction+2
J48,MobilNet_01,20,42.407407407407400,2042,86.29629629629630,95.66666666666670
J48,MobilNet_01,50,46.370370370370400,1630,93.33333333333330,99.92592592592590
J48,MobilNet_01,100,54.18518518518520,1497,91.25925925925930,99.11111111111110
J48,MobilNet_01,150,51.85185185185190,1521,92.03703703703700,99.77777777777780
J48,MobilNet_01,200,56.55555555555560,1351,93.62962962962960,99.77777777777780
J48,MobilNet_01,350,61.66666666666670,1174,95.22222222222220,99.62962962962960
J48,MobilNet_01,500,62.03703703703700,1191,94.5925925925926,99.25925925925930
J48,MobilNet_01,1000,65.4074074074074,1051,95.81481481481480,99.85185185185190
J48,MobilNet_01,1500,66.85185185185190,1016,95.92592592592590,99.59259259259260
RandomForest,MobilNet_01,20,34.74074074074070,2795,73.33333333333330,91.48148148148150
RandomForest,MobilNet_01,50,41.51851851851850,2218,81.25925925925930,95.85185185185190
RandomForest,MobilNet_01,100,52.407407407407400,1509,92.33333333333330,99.4074074074074
RandomForest,MobilNet_01,150,55.074074074074100,1359,94.88888888888890,99.70370370370370
RandomForest,MobilNet_01,200,57.18518518518520,1258,96.29629629629630,99.92592592592590
RandomForest,MobilNet_01,350,63.96296296296300,1081,96.14814814814820,99.85185185185190
RandomForest,MobilNet_01,500,63.888888888888900,1078,96.37037037037040,99.81481481481480
RandomForest,MobilNet_01,1000,68.0,950,96.92592592592590,99.8888888888889
RandomForest,MobilNet_01,1500,69.03703703703700,899,97.74074074074070,99.92592592592590
RandomTree,MobilNet_01,20,28.185185185185200,4600,57.592592592592600,73.74074074074070
RandomTree,MobilNet_01,50,20.703703703703700,4284,63.07407407407410,81.0
RandomTree,MobilNet_01,100,35.333333333333300,2301,82.2962962962963,97.48148148148150
RandomTree,MobilNet_01,150,35.40740740740740,2546,79.88888888888890,92.03703703703700
RandomTree,MobilNet_01,200,42.25925925925930,2130,83.55555555555560,95.77777777777780
RandomTree,MobilNet_01,350,50.44444444444450,1679,89.5925925925926,98.22222222222220
RandomTree,MobilNet_01,500,46.14814814814820,2094,84.70370370370370,93.11111111111110
RandomTree,MobilNet_01,1000,54.851851851851900,1469,91.37037037037040,99.37037037037040
RandomTree,MobilNet_01,1500,56.222222222222200,1414,92.25925925925930,99.18518518518520
J48,MobilNet_02,20,19.124579124579100,3478,45.52188552188550,61.01010101010100
J48,MobilNet_02,50,27.003367003367,2099,59.32659932659930,83.16498316498320
J48,MobilNet_02,100,28.95622895622900,2348,62.42424242424240,77.17171717171720
J48,MobilNet_02,150,32.121212121212100,1878,70.43771043771040,85.45454545454550
J48,MobilNet_02,200,34.68013468013470,1724,73.33333333333330,87.67676767676770
J48,MobilNet_02,350,47.40740740740740,1097,85.85858585858590,95.01683501683500
J48,MobilNet_02,500,52.659932659932700,886,90.77441077441080,97.84511784511780
J48,MobilNet_02,1000,57.1043771043771,759,93.33333333333330,98.58585858585860
RandomForest,MobilNet_02,20,17.23905723905720,3740,41.41414141414140,56.56565656565660
RandomForest,MobilNet_02,50,18.51851851851850,3624,42.28956228956230,59.05723905723910
RandomForest,MobilNet_02,100,31.784511784511800,1765,69.6969696969697,88.41750841750840
RandomForest,MobilNet_02,150,36.76767676767680,1576,75.2861952861953,90.23569023569020
RandomForest,MobilNet_02,200,37.37373737373740,1698,74.81481481481480,87.34006734006730
RandomForest,MobilNet_02,350,43.43434343434340,1279,83.97306397306400,92.996632996633
RandomForest,MobilNet_02,500,46.801346801346800,1153,86.8013468013468,94.20875420875420
RandomForest,MobilNet_02,1000,54.74747474747480,834,92.25589225589230,97.91245791245790
RandomTree,MobilNet_02,20,14.276094276094300,4073,35.42087542087540,50.505050505050500
RandomTree,MobilNet_02,50,24.579124579124600,2564,57.03703703703700,75.15151515151510
RandomTree,MobilNet_02,100,25.72390572390570,2686,58.38383838383840,74.6127946127946
RandomTree,MobilNet_02,150,30.1010101010101,1955,65.72390572390570,85.52188552188550
RandomTree,MobilNet_02,200,22.693602693602700,2522,55.757575757575800,76.22895622895620
RandomTree,MobilNet_02,350,26.195286195286200,2197,63.70370370370370,84.37710437710440
RandomTree,MobilNet_02,500,36.36363636363640,1573,76.43097643097640,89.6969696969697
RandomTree,MobilNet_02,1000,39.25925925925930,1732,75.15151515151510,86.5993265993266
J48,MobilNet_03,20,45.06666666666670,2290,82.43333333333330,96.33333333333330
J48,MobilNet_03,50,39.2,2619,77.4,96.46666666666670
J48,MobilNet_03,100,46.03333333333330,2415,80.73333333333330,94.6
J48,MobilNet_03,150,51.4,1840,88.6,98.86666666666670
J48,MobilNet_03,200,49.2,1978,87.13333333333330,97.90000000000000
J48,MobilNet_03,350,55.166666666666700,1749,88.83333333333330,97.93333333333330
J48,MobilNet_03,500,60.16666666666670,1510,91.16666666666670,98.4
J48,MobilNet_03,1000,65.33333333333330,1291,93.10000000000000,98.83333333333330
J48,MobilNet_03,1500,68.66666666666670,1190,93.46666666666670,98.53333333333330
RandomForest,MobilNet_03,20,24.100000000000000,7219,48.96666666666670,59.4
RandomForest,MobilNet_03,50,39.96666666666670,4034,74.23333333333330,84.13333333333330
RandomForest,MobilNet_03,100,47.96666666666670,3239,80.0,89.8
RandomForest,MobilNet_03,150,47.600000000000000,3056,82.0,90.93333333333330
RandomForest,MobilNet_03,200,51.83333333333330,2849,82.66666666666670,92.06666666666670
RandomForest,MobilNet_03,350,54.06666666666670,2044,87.56666666666670,97.03333333333330
RandomForest,MobilNet_03,500,56.600000000000000,1794,89.66666666666670,97.76666666666670
RandomForest,MobilNet_03,1000,62.133333333333300,1463,91.76666666666670,98.43333333333330
RandomForest,MobilNet_03,1500,64.86666666666670,1326,93.63333333333330,99.03333333333330
RandomTree,MobilNet_03,20,11.466666666666700,7324,37.3,63.13333333333330
RandomTree,MobilNet_03,50,32.2,5034,60.6,75.56666666666670
RandomTree,MobilNet_03,100,34.43333333333330,4456,68.23333333333330,81.53333333333330
RandomTree,MobilNet_03,150,36.5,4081,70.90000000000000,81.8
RandomTree,MobilNet_03,200,36.266666666666700,4106,68.10000000000000,82.63333333333330
RandomTree,MobilNet_03,350,30.2,5067,60.43333333333330,75.0
RandomTree,MobilNet_03,500,36.96666666666670,4281,68.36666666666670,80.10000000000000
RandomTree,MobilNet_03,1000,48.833333333333300,2204,83.43333333333330,95.63333333333330
RandomTree,MobilNet_03,1500,52.300000000000000,2273,86.23333333333330,94.26666666666670
J48,MobilNet_04,20,19.298245614035100,1584,52.083333333333300,75.10964912280700
J48,MobilNet_04,50,26.206140350877200,1208,66.44736842105260,85.6359649122807
J48,MobilNet_04,100,38.59649122807020,909,78.28947368421050,91.33771929824560
J48,MobilNet_04,150,43.09210526315790,812,81.9078947368421,94.18859649122810
J48,MobilNet_04,200,44.40789473684210,693,86.18421052631580,96.8201754385965
J48,MobilNet_04,350,42.76315789473680,713,85.08771929824560,97.14912280701750
J48,MobilNet_04,500,47.14912280701760,628,88.48684210526320,97.58771929824560
RandomForest,MobilNet_04,20,23.574561403508800,1592,57.45614035087720,73.90350877192980
RandomForest,MobilNet_04,50,31.140350877193000,1165,67.87280701754390,83.66228070175440
RandomForest,MobilNet_04,100,35.41666666666670,911,77.74122807017540,92.10526315789470
RandomForest,MobilNet_04,150,38.04824561403510,886,76.97368421052630,91.99561403508770
RandomForest,MobilNet_04,200,42.54385964912280,823,79.82456140350880,93.64035087719300
RandomForest,MobilNet_04,350,41.99561403508770,795,83.22368421052630,94.84649122807020
RandomForest,MobilNet_04,500,44.18859649122810,771,84.10087719298250,94.07894736842110
RandomTree,MobilNet_04,20,8.442982456140350,3133,19.736842105263200,34.53947368421050
RandomTree,MobilNet_04,50,25.109649122807000,1381,63.70614035087720,81.14035087719300
RandomTree,MobilNet_04,100,18.969298245614000,1376,55.26315789473690,82.67543859649120
RandomTree,MobilNet_04,150,27.192982456140400,1354,62.39035087719300,79.93421052631580
RandomTree,MobilNet_04,200,33.33333333333330,1233,65.13157894736840,81.14035087719300
RandomTree,MobilNet_04,350,35.74561403508770,1060,68.53070175438600,86.29385964912280
RandomTree,MobilNet_04,500,32.01754385964910,1141,73.57456140350880,88.26754385964910
J48,MobilNet_05,20,26.644219977553300,6014,64.60157126823790,85.02805836139170
J48,MobilNet_05,50,31.200897867564500,5605,65.97081930415260,86.5993265993266
J48,MobilNet_05,100,36.67789001122340,4711,72.65993265993270,89.58473625140290
J48,MobilNet_05,150,40.13468013468010,4514,75.64534231200900,90.9090909090909
J48,MobilNet_05,200,39.5959595959596,4589,73.93939393939390,89.58473625140290
J48,MobilNet_05,350,46.95847362514030,4238,75.89225589225590,90.48260381593710
J48,MobilNet_05,500,47.67676767676770,4230,76.81257014590350,90.28058361391700
J48,MobilNet_05,1000,55.19640852974190,3430,81.14478114478120,92.45791245791250
J48,MobilNet_05,1500,60.60606060606060,2894,84.2648709315376,94.006734006734
RandomForest,MobilNet_05,20,18.02469135802470,9054,46.621773288440000,66.82379349046020
RandomForest,MobilNet_05,50,24.062850729517400,5738,67.85634118967450,86.12794612794610
RandomForest,MobilNet_05,100,29.6969696969697,5378,69.60718294051630,87.54208754208750
RandomForest,MobilNet_05,150,35.10662177328840,4932,73.69248035914700,88.50729517396180
RandomForest,MobilNet_05,200,34.29854096520760,4792,74.63524130190800,89.4949494949495
RandomForest,MobilNet_05,350,41.84062850729520,4528,73.84960718294050,89.92143658810330
RandomForest,MobilNet_05,500,43.99551066217730,4338,75.98204264870930,90.88664421997760
RandomForest,MobilNet_05,1000,51.44781144781140,3736,79.34904601571270,92.14365881032550
RandomForest,MobilNet_05,1500,55.7351290684624,3393,81.63860830527500,92.92929292929290
RandomTree,MobilNet_05,20,22.49158249158250,6826,61.30190796857460,79.52861952861950
RandomTree,MobilNet_05,50,22.424242424242400,6160,64.84848484848480,83.77104377104380
RandomTree,MobilNet_05,100,25.364758698092000,6020,60.98765432098770,85.05050505050510
RandomTree,MobilNet_05,150,27.40740740740740,5964,64.13019079685750,83.9506172839506
RandomTree,MobilNet_05,200,24.713804713804700,6763,60.13468013468010,80.17957351290680
RandomTree,MobilNet_05,350,27.766554433221100,5923,63.81593714927050,85.8810325476992
RandomTree,MobilNet_05,500,32.278338945005600,5667,68.39506172839510,83.2996632996633
RandomTree,MobilNet_05,1000,37.01459034792370,5293,69.45005611672280,85.85858585858590
RandomTree,MobilNet_05,1500,43.99551066217730,4388,74.32098765432100,90.68462401795740
J48,MobilNet_06,20,28.009259259259300,631,57.870370370370400,79.62962962962960
J48,MobilNet_06,50,52.54629629629630,256,89.81481481481480,98.8425925925926
J48,MobilNet_06,100,65.27777777777780,182,95.60185185185190,98.37962962962960
J48,MobilNet_06,150,59.72222222222220,215,94.21296296296300,98.37962962962960
J48,MobilNet_06,200,64.58333333333330,193,94.44444444444440,98.37962962962960
J48,MobilNet_06,350,64.12037037037040,192,95.13888888888890,97.91666666666670
RandomForest,MobilNet_06,20,30.555555555555600,430,77.54629629629630,93.51851851851850
RandomForest,MobilNet_06,50,38.88888888888890,376,81.71296296296300,95.13888888888890
RandomForest,MobilNet_06,100,47.4537037037037,311,85.64814814814820,96.75925925925930
RandomForest,MobilNet_06,150,52.77777777777780,266,89.35185185185190,97.68518518518520
RandomForest,MobilNet_06,200,60.416666666666700,202,94.67592592592590,99.30555555555560
RandomForest,MobilNet_06,350,64.35185185185190,183,95.60185185185190,98.8425925925926
RandomTree,MobilNet_06,20,35.41666666666670,416,80.0925925925926,91.66666666666670
RandomTree,MobilNet_06,50,37.96296296296300,359,82.17592592592590,97.45370370370370
RandomTree,MobilNet_06,100,32.870370370370400,440,74.30555555555560,93.98148148148150
RandomTree,MobilNet_06,150,40.0462962962963,362,81.94444444444440,94.9074074074074
RandomTree,MobilNet_06,200,46.06481481481480,318,85.18518518518520,96.06481481481480
RandomTree,MobilNet_06,350,47.68518518518520,323,84.95370370370370,95.13888888888890
J48,MobilNet_07,20,24.102564102564100,966,64.48717948717950,90.38461538461540
J48,MobilNet_07,50,33.84615384615390,856,73.97435897435900,89.87179487179490
J48,MobilNet_07,100,35.256410256410300,841,74.35897435897440,88.71794871794870
J48,MobilNet_07,150,43.07692307692310,711,79.61538461538460,91.28205128205130
J48,MobilNet_07,200,43.84615384615390,598,84.23076923076920,96.15384615384620
J48,MobilNet_07,350,47.05128205128210,577,85.25641025641030,95.8974358974359
J48,MobilNet_07,500,51.7948717948718,529,84.23076923076920,96.66666666666670
RandomForest,MobilNet_07,20,20.384615384615400,1267,51.28205128205130,75.12820512820510
RandomForest,MobilNet_07,50,31.41025641025640,944,68.58974358974360,86.28205128205130
RandomForest,MobilNet_07,100,33.46153846153850,813,72.56410256410260,91.41025641025640
RandomForest,MobilNet_07,150,39.23076923076920,682,80.12820512820510,94.48717948717950
RandomForest,MobilNet_07,200,40.8974358974359,677,81.41025641025640,93.84615384615380
RandomForest,MobilNet_07,350,41.15384615384620,645,83.58974358974360,95.0
RandomForest,MobilNet_07,500,46.92307692307690,581,85.64102564102560,95.25641025641030
RandomTree,MobilNet_07,20,19.48717948717950,1265,53.97435897435900,79.87179487179490
RandomTree,MobilNet_07,50,23.717948717948700,1045,64.87179487179490,82.94871794871800
RandomTree,MobilNet_07,100,29.615384615384600,984,65.25641025641030,86.7948717948718
RandomTree,MobilNet_07,150,23.076923076923100,1243,58.84615384615390,77.43589743589750
RandomTree,MobilNet_07,200,27.17948717948720,1071,61.282051282051300,83.2051282051282
RandomTree,MobilNet_07,350,32.43589743589740,947,66.28205128205130,84.48717948717950
RandomTree,MobilNet_07,500,38.333333333333300,731,78.46153846153850,91.41025641025640
J48,MobilNet_08,20,45.1219512195122,56,90.2439024390244,96.34146341463420
J48,MobilNet_08,50,42.68292682926830,59,87.8048780487805,97.5609756097561
RandomForest,MobilNet_08,20,40.243902439024400,72,76.82926829268290,96.34146341463420
RandomForest,MobilNet_08,50,34.146341463414600,70,85.36585365853660,95.1219512195122
RandomTree,MobilNet_08,20,34.146341463414600,89,65.85365853658540,92.6829268292683
RandomTree,MobilNet_08,50,40.243902439024400,65,86.58536585365850,93.90243902439020
J48,MobilNet_09,20,41.29353233830850,954,92.32409381663110,98.57853589196870
J48,MobilNet_09,50,42.71499644633970,1037,85.85643212508880,98.22316986496090
J48,MobilNet_09,100,46.62402274342570,993,86.56716417910450,96.65955934612650
J48,MobilNet_09,150,46.979388770433500,949,88.77043354655300,97.0859985785359
J48,MobilNet_09,200,50.24875621890550,872,89.62331201137170,98.22316986496090
J48,MobilNet_09,350,53.162757640369600,848,89.55223880597020,97.72565742715000
J48,MobilNet_09,500,52.30987917555080,851,89.41009239516700,97.79673063255150
J48,MobilNet_09,1000,54.51314854299930,859,87.98862828713580,97.29921819474060
RandomForest,MobilNet_09,20,30.632551528073900,1302,78.89125799573560,97.93887704335470
RandomForest,MobilNet_09,50,42.857142857142900,991,88.13077469793890,98.57853589196870
RandomForest,MobilNet_09,100,48.11656005685860,870,91.6133617626155,98.4363894811656
RandomForest,MobilNet_09,150,45.13148542999290,1041,84.93248045486850,97.0859985785359
RandomForest,MobilNet_09,200,52.30987917555080,820,91.75550817341860,97.72565742715000
RandomForest,MobilNet_09,350,54.22885572139300,820,90.68941009239520,97.79673063255150
RandomForest,MobilNet_09,500,54.58422174840090,799,90.76048329779670,98.08102345415780
RandomForest,MobilNet_09,1000,53.58919687277900,834,89.62331201137170,98.22316986496090
RandomTree,MobilNet_09,20,27.647476901208200,1597,70.36247334754800,90.54726368159200
RandomTree,MobilNet_09,50,40.511727078891300,1235,80.38379530916850,92.96375266524520
RandomTree,MobilNet_09,100,38.73489694385220,1159,82.87135749822320,96.8727789623312
RandomTree,MobilNet_09,150,45.06041222459130,1062,85.21677327647480,95.02487562189050
RandomTree,MobilNet_09,200,41.64889836531630,1080,86.78038379530920,95.87775408670930
RandomTree,MobilNet_09,350,46.695095948827300,997,87.20682302771860,96.3041933191187
RandomTree,MobilNet_09,500,49.324804548685100,961,87.34896943852170,95.80668088130780
RandomTree,MobilNet_09,1000,45.7000710732054,1005,85.78535891968730,97.6545842217484
J48,ResNet18_01,20,63.49206349206350,129,95.55555555555560,100.0
J48,ResNet18_01,50,54.6031746031746,157,95.87301587301590,99.68253968253970
J48,ResNet18_01,100,54.285714285714300,149,98.73015873015870,99.68253968253970
J48,ResNet18_01,150,61.904761904761900,129,97.77777777777780,99.36507936507940
J48,ResNet18_01,200,65.71428571428570,116,98.09523809523810,99.36507936507940
RandomForest,ResNet18_01,20,54.920634920634900,172,90.47619047619050,100.0
RandomForest,ResNet18_01,50,50.15873015873020,181,92.38095238095240,100.0
RandomForest,ResNet18_01,100,54.6031746031746,163,93.96825396825400,99.68253968253970
RandomForest,ResNet18_01,150,55.55555555555560,164,92.6984126984127,99.68253968253970
RandomForest,ResNet18_01,200,67.3015873015873,110,97.77777777777780,100.0
RandomTree,ResNet18_01,20,42.857142857142900,213,90.7936507936508,98.73015873015870
RandomTree,ResNet18_01,50,36.82539682539680,259,82.22222222222220,98.73015873015870
RandomTree,ResNet18_01,100,46.98412698412700,193,91.74603174603180,100.0
RandomTree,ResNet18_01,150,41.269841269841300,196,97.14285714285710,99.68253968253970
RandomTree,ResNet18_01,200,55.87301587301590,158,94.6031746031746,99.36507936507940
J48,ResNet18_02,20,32.76995305164320,1246,71.73708920187790,88.54460093896710
J48,ResNet18_02,50,36.431924882629100,1317,71.54929577464790,85.63380281690140
J48,ResNet18_02,100,39.34272300469480,1025,81.31455399061030,92.01877934272300
J48,ResNet18_02,150,42.816901408450700,1225,75.39906103286380,89.85915492957750
J48,ResNet18_02,200,48.732394366197200,841,84.50704225352110,96.15023474178400
J48,ResNet18_02,350,55.586854460093900,595,91.17370892018780,98.30985915492960
J48,ResNet18_02,500,61.03286384976530,503,92.95774647887320,98.87323943661970
J48,ResNet18_02,1000,65.07042253521130,438,94.55399061032860,99.24882629107980
RandomForest,ResNet18_02,20,19.530516431924900,2729,42.347417840375600,55.49295774647890
RandomForest,ResNet18_02,50,36.99530516431930,1285,72.30046948356810,86.0093896713615
RandomForest,ResNet18_02,100,35.2112676056338,1476,73.14553990610330,83.66197183098590
RandomForest,ResNet18_02,150,40.093896713615000,1190,75.39906103286380,89.2018779342723
RandomForest,ResNet18_02,200,42.53521126760560,1066,78.87323943661970,90.32863849765260
RandomForest,ResNet18_02,350,49.2018779342723,821,85.16431924882630,94.36619718309860
RandomForest,ResNet18_02,500,54.647887323943700,684,89.38967136150230,96.3380281690141
RandomForest,ResNet18_02,1000,61.87793427230050,515,92.67605633802820,98.12206572769950
RandomTree,ResNet18_02,20,18.591549295774600,1959,49.014084507042300,74.83568075117370
RandomTree,ResNet18_02,50,18.779342723004700,2144,52.48826291079810,68.45070422535210
RandomTree,ResNet18_02,100,26.103286384976500,1550,62.629107981220700,84.22535211267610
RandomTree,ResNet18_02,150,31.83098591549300,1851,64.97652582159620,76.61971830985920
RandomTree,ResNet18_02,200,33.80281690140850,1277,71.07981220657280,88.82629107981220
RandomTree,ResNet18_02,350,34.74178403755870,1590,67.69953051643190,79.34272300469480
RandomTree,ResNet18_02,500,45.821596244131500,968,81.87793427230050,93.42723004694840
RandomTree,ResNet18_02,1000,48.544600938967100,896,81.78403755868540,93.2394366197183
J48,ResNet18_03,20,77.03703703703700,31,100.0,100.0
J48,ResNet18_03,50,77.03703703703700,32,99.25925925925930,100.0
J48,ResNet18_03,100,77.77777777777780,31,99.25925925925930,100.0
RandomForest,ResNet18_03,20,77.03703703703700,31,100.0,100.0
RandomForest,ResNet18_03,50,77.03703703703700,31,100.0,100.0
RandomForest,ResNet18_03,100,77.03703703703700,31,100.0,100.0
RandomTree,ResNet18_03,20,77.03703703703700,31,100.0,100.0
RandomTree,ResNet18_03,50,54.074074074074100,70,94.07407407407410,100.0
RandomTree,ResNet18_03,100,71.85185185185190,41,97.77777777777780,100.0
J48,ResNet18_04,20,22.807017543859600,1224,55.26315789473690,79.19799498746870
J48,ResNet18_04,50,41.10275689223060,853,74.06015037593990,87.96992481203010
J48,ResNet18_04,100,44.23558897243110,799,80.07518796992480,92.35588972431080
J48,ResNet18_04,150,40.97744360902260,737,81.8295739348371,93.35839598997490
J48,ResNet18_04,200,45.73934837092730,704,80.57644110275690,93.10776942355890
J48,ResNet18_04,350,41.854636591478700,762,80.57644110275690,92.85714285714290
J48,ResNet18_04,500,47.24310776942360,623,87.96992481203010,95.73934837092730
RandomForest,ResNet18_04,20,25.68922305764410,1312,52.63157894736840,73.30827067669170
RandomForest,ResNet18_04,50,33.583959899749400,1007,66.16541353383460,84.46115288220550
RandomForest,ResNet18_04,100,34.21052631578950,905,71.9298245614035,88.47117794486220
RandomForest,ResNet18_04,150,34.711779448621600,911,72.93233082706770,88.7218045112782
RandomForest,ResNet18_04,200,40.476190476190500,785,77.94486215538850,91.97994987468670
RandomForest,ResNet18_04,350,43.859649122807000,703,84.3358395989975,94.73684210526320
RandomForest,ResNet18_04,500,47.4937343358396,668,85.21303258145360,94.61152882205510
RandomTree,ResNet18_04,20,11.904761904761900,1971,34.58646616541350,51.50375939849620
RandomTree,ResNet18_04,50,17.418546365914800,1783,45.86466165413530,62.531328320802000
RandomTree,ResNet18_04,100,29.32330827067670,1104,61.528822055137800,82.70676691729320
RandomTree,ResNet18_04,150,33.20802005012530,1031,68.796992481203,85.21303258145360
RandomTree,ResNet18_04,200,19.924812030075200,1599,47.24310776942360,67.04260651629070
RandomTree,ResNet18_04,350,24.93734335839600,1339,59.14786967418550,73.05764411027570
RandomTree,ResNet18_04,500,37.719298245614000,1027,72.55639097744360,84.3358395989975
J48,ResNet18_05,20,72.54901960784310,14,100.0,100.0
J48,ResNet18_05,50,64.70588235294120,18,100.0,100.0
RandomForest,ResNet18_05,20,72.54901960784310,14,100.0,100.0
RandomForest,ResNet18_05,50,72.54901960784310,14,100.0,100.0
RandomTree,ResNet18_05,20,72.54901960784310,14,100.0,100.0
RandomTree,ResNet18_05,50,52.94117647058820,24,100.0,100.0
J48,ResNet18_06,20,40.67982456140350,957,73.57456140350880,86.73245614035090
J48,ResNet18_06,50,40.35087719298250,989,76.09649122807020,88.59649122807020
J48,ResNet18_06,100,43.09210526315790,891,78.72807017543860,91.44736842105260
J48,ResNet18_06,150,47.25877192982460,828,80.04385964912280,91.33771929824560
J48,ResNet18_06,200,49.122807017543900,776,81.14035087719300,93.0921052631579
J48,ResNet18_06,350,48.68421052631580,801,80.92105263157900,92.43421052631580
J48,ResNet18_06,500,50.76754385964910,706,82.45614035087720,94.73684210526320
RandomForest,ResNet18_06,20,28.947368421052600,1826,58.99122807017540,66.33771929824560
RandomForest,ResNet18_06,50,34.978070175438600,1205,68.64035087719300,80.15350877192980
RandomForest,ResNet18_06,100,36.73245614035090,1063,73.02631578947370,85.85526315789470
RandomForest,ResNet18_06,150,39.69298245614040,968,78.0701754385965,89.47368421052630
RandomForest,ResNet18_06,200,39.69298245614040,969,74.78070175438600,89.14473684210530
RandomForest,ResNet18_06,350,43.640350877193000,861,79.82456140350880,91.55701754385970
RandomForest,ResNet18_06,500,48.35526315789470,795,82.12719298245610,92.98245614035090
RandomTree,ResNet18_06,20,8.114035087719300,2672,29.93421052631580,51.864035087719300
RandomTree,ResNet18_06,50,15.570175438596500,2466,39.91228070175440,49.890350877193000
RandomTree,ResNet18_06,100,31.907894736842100,1602,56.79824561403510,70.28508771929830
RandomTree,ResNet18_06,150,37.06140350877190,1200,64.25438596491230,79.60526315789470
RandomTree,ResNet18_06,200,36.51315789473680,1070,72.80701754385970,86.9517543859649
RandomTree,ResNet18_06,350,42.43421052631580,1087,72.91666666666670,84.3201754385965
RandomTree,ResNet18_06,500,30.592105263157900,1406,59.75877192982460,78.61842105263160
J48,ResNet18_07,20,46.875,301,80.20833333333330,96.35416666666670
J48,ResNet18_07,50,45.05208333333330,289,85.9375,96.35416666666670
J48,ResNet18_07,100,51.5625,241,92.44791666666670,97.13541666666670
J48,ResNet18_07,150,53.385416666666700,229,93.22916666666670,97.39583333333330
J48,ResNet18_07,200,63.28125,183,95.3125,97.39583333333330
J48,ResNet18_07,350,65.88541666666670,169,97.13541666666670,97.39583333333330
RandomForest,ResNet18_07,20,28.385416666666700,450,67.1875,90.625
RandomForest,ResNet18_07,50,32.55208333333330,374,75.52083333333330,96.09375
RandomForest,ResNet18_07,100,48.95833333333330,248,92.1875,96.875
RandomForest,ResNet18_07,150,57.8125,210,92.70833333333330,97.39583333333330
RandomForest,ResNet18_07,200,61.979166666666700,189,93.75,97.65625
RandomForest,ResNet18_07,350,65.625,165,96.09375,97.65625
RandomTree,ResNet18_07,20,23.958333333333300,409,75.52083333333330,96.875
RandomTree,ResNet18_07,50,35.15625,334,84.11458333333330,96.35416666666670
RandomTree,ResNet18_07,100,34.11458333333330,376,77.86458333333330,93.48958333333330
RandomTree,ResNet18_07,150,46.35416666666670,279,85.41666666666670,97.39583333333330
RandomTree,ResNet18_07,200,25.520833333333300,464,66.92708333333330,91.92708333333330
RandomTree,ResNet18_07,350,43.75,345,79.94791666666670,91.14583333333330
J48,ResNet18_08,20,28.825136612021900,1603,72.54098360655740,92.07650273224040
J48,ResNet18_08,50,29.713114754098400,1860,69.80874316939890,84.56284153005460
J48,ResNet18_08,100,34.76775956284150,1537,74.4535519125683,92.21311475409840
J48,ResNet18_08,150,36.13387978142080,1452,77.3224043715847,92.62295081967210
J48,ResNet18_08,200,42.41803278688530,1273,80.32786885245900,94.74043715846990
J48,ResNet18_08,350,46.85792349726780,1206,81.14754098360660,95.28688524590160
J48,ResNet18_08,500,47.540983606557400,1205,83.19672131147540,94.74043715846990
J48,ResNet18_08,1000,51.502732240437200,1055,85.31420765027320,96.17486338797810
RandomForest,ResNet18_08,20,22.472677595628400,2342,61.81693989071040,79.03005464480870
RandomForest,ResNet18_08,50,26.434426229508200,1997,68.30601092896170,82.65027322404370
RandomForest,ResNet18_08,100,32.10382513661200,1632,73.77049180327870,89.89071038251370
RandomForest,ResNet18_08,150,32.51366120218580,1606,74.93169398907100,90.50546448087430
RandomForest,ResNet18_08,200,36.47540983606560,1494,77.6639344262295,91.12021857923500
RandomForest,ResNet18_08,350,43.85245901639340,1195,84.97267759562840,94.60382513661200
RandomForest,ResNet18_08,500,45.21857923497270,1168,85.1775956284153,94.94535519125680
RandomForest,ResNet18_08,1000,52.322404371584700,1034,86.81693989071040,95.42349726775960
RandomTree,ResNet18_08,20,20.21857923497270,2235,56.89890710382510,81.28415300546450
RandomTree,ResNet18_08,50,15.573770491803300,2815,43.64754098360660,67.4863387978142
RandomTree,ResNet18_08,100,18.510928961748600,2833,50.54644808743170,71.17486338797810
RandomTree,ResNet18_08,150,26.024590163934400,1965,64.54918032786890,86.33879781420770
RandomTree,ResNet18_08,200,30.327868852459000,1819,68.71584699453550,86.6120218579235
RandomTree,ResNet18_08,350,29.78142076502730,1804,70.28688524590160,87.97814207650270
RandomTree,ResNet18_08,500,26.912568306010900,2128,64.00273224043720,82.65027322404370
RandomTree,ResNet18_08,1000,39.34426229508200,1430,77.6639344262295,91.73497267759560
J48,ResNet18_09,20,37.03703703703700,400,76.1574074074074,95.13888888888890
J48,ResNet18_09,50,46.2962962962963,308,84.25925925925930,98.37962962962960
J48,ResNet18_09,100,50.0,273,89.58333333333330,97.45370370370370
J48,ResNet18_09,150,53.47222222222220,260,90.50925925925930,97.22222222222220
J48,ResNet18_09,200,56.94444444444440,242,90.74074074074080,97.22222222222220
J48,ResNet18_09,350,60.18518518518520,207,94.9074074074074,97.68518518518520
RandomForest,ResNet18_09,20,26.38888888888890,612,59.95370370370370,83.10185185185190
RandomForest,ResNet18_09,50,31.712962962963000,481,72.22222222222220,89.81481481481480
RandomForest,ResNet18_09,100,45.601851851851900,310,88.6574074074074,96.06481481481480
RandomForest,ResNet18_09,150,46.06481481481480,298,88.42592592592590,97.22222222222220
RandomForest,ResNet18_09,200,51.157407407407400,276,89.81481481481480,96.29629629629630
RandomForest,ResNet18_09,350,55.55555555555560,254,88.88888888888890,97.22222222222220
RandomTree,ResNet18_09,20,19.90740740740740,671,55.78703703703700,78.93518518518520
RandomTree,ResNet18_09,50,37.26851851851850,468,70.13888888888890,89.12037037037040
RandomTree,ResNet18_09,100,40.27777777777780,463,70.13888888888890,87.03703703703700
RandomTree,ResNet18_09,150,35.41666666666670,399,78.47222222222220,95.13888888888890
RandomTree,ResNet18_09,200,41.898148148148100,391,80.32407407407410,92.12962962962960
RandomTree,ResNet18_09,350,39.351851851851900,372,80.78703703703700,94.44444444444440
J48,ResNet18_10,20,29.268292682926800,108,65.85365853658540,76.82926829268290
J48,ResNet18_10,50,37.80487804878050,67,84.14634146341460,96.34146341463420
RandomForest,ResNet18_10,20,19.51219512195120,102,62.19512195121950,93.90243902439020
RandomForest,ResNet18_10,50,41.46341463414630,63,87.8048780487805,93.90243902439020
RandomTree,ResNet18_10,20,21.951219512195100,86,78.04878048780490,95.1219512195122
RandomTree,ResNet18_10,50,34.146341463414600,73,87.8048780487805,93.90243902439020
J48,ResNet18_11,20,47.22222222222220,22,91.66666666666670,100.0
RandomForest,ResNet18_11,20,41.66666666666670,35,77.77777777777780,88.88888888888890
RandomTree,ResNet18_11,20,16.666666666666700,56,38.88888888888890,88.88888888888890
J48,ResNet18_12,20,34.146341463414600,82,79.26829268292680,92.6829268292683
J48,ResNet18_12,50,41.46341463414630,70,81.70731707317070,92.6829268292683
RandomForest,ResNet18_12,20,28.04878048780490,110,59.756097560975600,84.14634146341460
RandomForest,ResNet18_12,50,35.36585365853660,77,81.70731707317070,92.6829268292683
RandomTree,ResNet18_12,20,13.414634146341500,134,46.34146341463420,78.04878048780490
RandomTree,ResNet18_12,50,30.48780487804880,88,71.95121951219510,93.90243902439020
J48,Yolo9000_00,20,61.63522012578620,1143,98.5674353598882,99.86023759608670
J48,Yolo9000_00,50,57.89657582110410,1261,98.04332634521310,100.0
J48,Yolo9000_00,100,67.01607267645000,1000,98.18308874912650,99.86023759608670
J48,Yolo9000_00,150,66.84136967155840,1014,97.86862334032150,99.86023759608670
J48,Yolo9000_00,200,66.80642907058000,993,98.49755415793150,100.0
J48,Yolo9000_00,350,67.50524109014680,1019,96.99510831586300,99.895178197065
J48,Yolo9000_00,500,69.42697414395530,921,98.49755415793150,99.895178197065
J48,Yolo9000_00,1000,72.99091544374560,810,98.77707896575820,99.93011879804330
J48,Yolo9000_00,1500,75.71628232005590,742,98.46261355695320,99.895178197065
RandomForest,Yolo9000_00,20,56.044723969252300,1423,94.37456324248780,99.86023759608670
RandomForest,Yolo9000_00,50,60.062893081761000,1198,98.21802935010480,99.86023759608670
RandomForest,Yolo9000_00,100,70.64989517819710,887,98.49755415793150,99.86023759608670
RandomForest,Yolo9000_00,150,68.9727463312369,946,98.11320754716980,99.86023759608670
RandomForest,Yolo9000_00,200,70.09084556254370,904,98.46261355695320,99.86023759608670
RandomForest,Yolo9000_00,350,69.6366177498253,920,98.35779175401820,99.86023759608670
RandomForest,Yolo9000_00,500,72.78127183787560,824,98.5674353598882,99.86023759608670
RandomForest,Yolo9000_00,1000,74.80782669461920,759,98.81201956673660,99.86023759608670
RandomForest,Yolo9000_00,1500,74.3885394828791,768,98.88190076869320,99.895178197065
RandomTree,Yolo9000_00,20,22.955974842767300,2769,81.69112508735150,98.60237596086650
RandomTree,Yolo9000_00,50,57.47728860936410,1297,97.20475192173310,100.0
RandomTree,Yolo9000_00,100,67.2606568832984,993,98.18308874912650,99.86023759608670
RandomTree,Yolo9000_00,150,58.73515024458420,1245,97.9035639412998,99.86023759608670
RandomTree,Yolo9000_00,200,57.75681341719080,1315,96.29629629629630,100.0
RandomTree,Yolo9000_00,350,63.52201257861640,1121,97.44933612858140,99.86023759608670
RandomTree,Yolo9000_00,500,64.64011180992310,1072,97.93850454227810,99.96505939902170
RandomTree,Yolo9000_00,1000,65.23410202655490,1061,97.76380153738640,99.93011879804330
RandomTree,Yolo9000_00,1500,66.17749825296990,1021,98.18308874912650,99.96505939902170
J48,Yolo9000_02,20,25.317460317460300,1607,63.57142857142860,87.46031746031750
J48,Yolo9000_02,50,37.38095238095240,1178,76.11111111111110,93.80952380952380
J48,Yolo9000_02,100,50.317460317460300,871,85.47619047619050,95.7936507936508
J48,Yolo9000_02,150,53.888888888888900,821,84.76190476190480,96.5079365079365
J48,Yolo9000_02,200,59.20634920634920,715,88.17460317460320,96.26984126984130
J48,Yolo9000_02,350,65.87301587301590,558,92.3015873015873,97.77777777777780
J48,Yolo9000_02,500,76.5079365079365,351,96.26984126984130,99.52380952380950
J48,Yolo9000_02,1000,88.4920634920635,164,98.88888888888890,99.76190476190480
RandomForest,Yolo9000_02,20,20.238095238095200,2707,52.301587301587300,67.46031746031750
RandomForest,Yolo9000_02,50,31.825396825396800,1628,75.07936507936510,86.98412698412700
RandomForest,Yolo9000_02,100,45.23809523809520,935,87.46031746031750,96.34920634920640
RandomForest,Yolo9000_02,150,46.111111111111100,1146,83.88888888888890,92.61904761904760
RandomForest,Yolo9000_02,200,49.84126984126980,839,89.68253968253970,96.66666666666670
RandomForest,Yolo9000_02,350,61.26984126984130,603,92.61904761904760,98.57142857142860
RandomForest,Yolo9000_02,500,71.74603174603180,412,96.19047619047620,99.36507936507940
RandomForest,Yolo9000_02,1000,81.9047619047619,256,98.4126984126984,99.76190476190480
RandomTree,Yolo9000_02,20,10.634920634920600,3717,33.41269841269840,53.73015873015870
RandomTree,Yolo9000_02,50,16.507936507936500,3026,40.55555555555560,57.06349206349210
RandomTree,Yolo9000_02,100,22.380952380952400,1969,61.1904761904762,79.68253968253970
RandomTree,Yolo9000_02,150,38.01587301587300,1202,78.88888888888890,94.36507936507940
RandomTree,Yolo9000_02,200,42.77777777777780,1074,83.01587301587300,94.84126984126980
RandomTree,Yolo9000_02,350,40.476190476190500,1296,72.3015873015873,89.60317460317460
RandomTree,Yolo9000_02,500,52.85714285714290,880,87.14285714285710,96.74603174603180
RandomTree,Yolo9000_02,1000,72.38095238095240,399,96.66666666666670,99.36507936507940
J48,Yolo9000_04,20,27.521008403361300,2226,63.16526610644260,83.54341736694680
J48,Yolo9000_04,50,36.97478991596640,1785,71.21848739495800,87.3249299719888
J48,Yolo9000_04,100,51.9607843137255,837,90.68627450980390,98.80952380952380
J48,Yolo9000_04,150,55.46218487394960,761,92.15686274509800,99.15966386554620
J48,Yolo9000_04,200,58.26330532212890,701,93.41736694677870,99.2296918767507
J48,Yolo9000_04,350,60.154061624649900,665,93.90756302521010,99.36974789915970
J48,Yolo9000_04,500,64.2156862745098,586,95.23809523809520,99.50980392156860
J48,Yolo9000_04,1000,69.74789915966390,511,95.02801120448180,99.43977591036420
RandomForest,Yolo9000_04,20,20.588235294117600,2369,54.69187675070030,80.3921568627451
RandomForest,Yolo9000_04,50,27.521008403361300,2335,61.5546218487395,83.68347338935570
RandomForest,Yolo9000_04,100,49.64985994397760,1021,87.81512605042020,96.49859943977590
RandomForest,Yolo9000_04,150,48.66946778711490,1192,87.46498599439780,95.30812324929970
RandomForest,Yolo9000_04,200,55.952380952381000,752,93.34733893557420,99.01960784313730
RandomForest,Yolo9000_04,350,60.99439775910370,684,93.4873949579832,98.52941176470590
RandomForest,Yolo9000_04,500,63.65546218487400,620,94.187675070028,99.15966386554620
RandomForest,Yolo9000_04,1000,67.22689075630250,539,95.72829131652660,99.57983193277310
RandomTree,Yolo9000_04,20,14.07563025210080,3151,38.79551820728290,61.62464985994400
RandomTree,Yolo9000_04,50,25.840336134453800,2538,61.904761904761900,79.13165266106440
RandomTree,Yolo9000_04,100,31.23249299719890,1924,68.0672268907563,83.26330532212890
RandomTree,Yolo9000_04,150,29.971988795518200,2477,63.02521008403360,77.17086834733890
RandomTree,Yolo9000_04,200,37.04481792717090,1245,82.6330532212885,96.42857142857140
RandomTree,Yolo9000_04,350,44.11764705882350,1328,81.86274509803920,91.73669467787110
RandomTree,Yolo9000_04,500,56.792717086834700,897,87.46498599439780,96.28851540616250
RandomTree,Yolo9000_04,1000,55.392156862745100,965,87.18487394957980,95.37815126050420
J48,Yolo9000_05,20,70.37037037037040,41,99.25925925925930,100.0
J48,Yolo9000_05,50,73.33333333333330,37,99.25925925925930,100.0
J48,Yolo9000_05,100,78.51851851851850,29,100.0,100.0
RandomForest,Yolo9000_05,20,51.11111111111110,68,98.51851851851850,100.0
RandomForest,Yolo9000_05,50,72.5925925925926,38,99.25925925925930,100.0
RandomForest,Yolo9000_05,100,77.77777777777780,30,100.0,100.0
RandomTree,Yolo9000_05,20,62.22222222222220,53,98.51851851851850,100.0
RandomTree,Yolo9000_05,50,67.4074074074074,45,99.25925925925930,100.0
RandomTree,Yolo9000_05,100,74.81481481481480,34,100.0,100.0
J48,Yolo9000_08,20,36.03570100409070,2709,75.93901078467830,92.37634808478990
J48,Yolo9000_08,50,46.48568240981780,2082,86.20304946076610,94.1613982893269
J48,Yolo9000_08,100,54.40684269245070,1705,89.66158423205650,96.429899590926
J48,Yolo9000_08,150,51.245816288583100,1935,86.31461509854970,95.79769431015250
J48,Yolo9000_08,200,66.82781703235400,1247,93.60357010040910,97.43399033097810
J48,Yolo9000_08,350,70.17478616586090,1138,93.49200446262550,97.76868724432880
J48,Yolo9000_08,500,71.84827073261440,1057,94.42171811082190,97.76868724432880
J48,Yolo9000_08,1000,78.20751208627740,904,95.98363703979170,97.43399033097810
J48,Yolo9000_08,1500,80.88508739308290,751,96.429899590926,98.06619561175160
RandomForest,Yolo9000_08,20,25.28821123094090,3801,60.95202677575310,82.67013759761990
RandomForest,Yolo9000_08,50,37.783562662699900,2614,79.02566009669020,91.37225734473780
RandomForest,Yolo9000_08,100,44.14280401636300,2281,81.70323540349570,93.93826701375980
RandomForest,Yolo9000_08,150,51.9895872071402,1957,84.5667534399405,95.20267757530680
RandomForest,Yolo9000_08,200,56.749721085905500,1742,86.50055782818890,96.20676831535890
RandomForest,Yolo9000_08,350,61.13796950539230,1588,87.35589438452960,96.9133506879881
RandomForest,Yolo9000_08,500,67.16251394570470,1292,90.7400520639643,97.54555596876160
RandomForest,Yolo9000_08,1000,75.08367422833770,961,94.86798066195610,97.69431015247300
RandomForest,Yolo9000_08,1500,77.79843808107100,863,95.50018594272960,97.8802528821123
RandomTree,Yolo9000_08,20,11.268129416139800,6888,33.581256972852400,50.91111937523240
RandomTree,Yolo9000_08,50,28.412049088880600,3639,65.52621792487910,83.30234287839350
RandomTree,Yolo9000_08,100,35.44068426924510,3007,69.133506879881,88.91781331349940
RandomTree,Yolo9000_08,150,38.41576794347340,2821,72.81517292673860,90.03346969133510
RandomTree,Yolo9000_08,200,42.20899962811450,2988,70.02603198214950,85.90554109334330
RandomTree,Yolo9000_08,350,53.40275195239870,1830,85.68240981777610,96.13239122350320
RandomTree,Yolo9000_08,500,53.43994049832650,1886,86.27742655262180,94.04983265154330
RandomTree,Yolo9000_08,1000,57.64224618817400,1946,84.49237634808480,93.23168464113050
RandomTree,Yolo9000_08,1500,63.88992190405360,1426,90.62848642618070,96.24395686128670
J48,Yolo9000_09,20,35.5281207133059,1172,67.48971193415640,76.5432098765432
J48,Yolo9000_09,50,53.90946502057610,517,81.3443072702332,93.82716049382720
J48,Yolo9000_09,100,62.825788751714700,380,89.43758573388200,95.61042524005490
J48,Yolo9000_09,150,74.7599451303155,220,96.29629629629630,98.76543209876540
J48,Yolo9000_09,200,75.17146776406040,246,93.68998628257890,97.39368998628260
J48,Yolo9000_09,350,80.65843621399180,174,96.98216735253770,98.62825788751720
J48,Yolo9000_09,500,81.89300411522640,155,97.39368998628260,99.45130315500690
RandomForest,Yolo9000_09,20,18.244170096021900,1296,54.73251028806580,73.7997256515775
RandomForest,Yolo9000_09,50,39.50617283950620,1114,70.78189300411520,77.64060356652950
RandomForest,Yolo9000_09,100,53.360768175583,571,81.20713305898490,91.90672153635120
RandomForest,Yolo9000_09,150,66.2551440329218,416,86.69410150891630,94.10150891632370
RandomForest,Yolo9000_09,200,69.95884773662550,338,90.6721536351166,95.06172839506170
RandomForest,Yolo9000_09,350,72.70233196159120,316,91.90672153635120,95.88477366255140
RandomForest,Yolo9000_09,500,75.7201646090535,226,95.47325102880660,98.079561042524
RandomTree,Yolo9000_09,20,21.262002743484200,1091,59.12208504801100,87.79149519890260
RandomTree,Yolo9000_09,50,39.64334705075450,1045,69.54732510288070,77.22908093278460
RandomTree,Yolo9000_09,100,45.67901234567900,715,78.32647462277090,90.39780521262000
RandomTree,Yolo9000_09,150,53.086419753086400,793,78.60082304526750,85.45953360768180
RandomTree,Yolo9000_09,200,63.5116598079561,410,86.14540466392320,94.51303155006860
RandomTree,Yolo9000_09,350,65.98079561042520,506,84.49931412894380,91.76954732510290
RandomTree,Yolo9000_09,500,67.76406035665300,381,88.61454046639230,97.11934156378600
J48,Yolo9000_12,20,33.04597701149430,2790,78.37643678160920,92.67241379310340
J48,Yolo9000_12,50,37.28448275862070,2890,75.14367816091950,88.1824712643678
J48,Yolo9000_12,100,51.68821839080460,2004,82.97413793103450,94.39655172413790
J48,Yolo9000_12,150,49.46120689655170,2009,85.84770114942530,94.4324712643678
J48,Yolo9000_12,200,51.54454022988510,2064,83.58477011494250,94.32471264367820
J48,Yolo9000_12,350,59.48275862068970,1517,90.51724137931040,96.80316091954020
J48,Yolo9000_12,500,63.900862068965500,1313,91.70258620689660,97.77298850574710
J48,Yolo9000_12,1000,67.20545977011490,1205,93.24712643678160,97.41379310344830
J48,Yolo9000_12,1500,67.85201149425290,1219,92.5646551724138,97.70114942528740
RandomForest,Yolo9000_12,20,28.125,4462,54.92097701149430,71.62356321839080
RandomForest,Yolo9000_12,50,31.393678160919500,3776,60.05747126436780,78.87931034482760
RandomForest,Yolo9000_12,100,43.28304597701150,2498,77.76580459770120,92.34913793103450
RandomForest,Yolo9000_12,150,47.12643678160920,2321,80.5316091954023,92.52873563218390
RandomForest,Yolo9000_12,200,52.26293103448280,2031,83.36925287356320,93.42672413793100
RandomForest,Yolo9000_12,350,55.172413793103400,1903,84.62643678160920,94.18103448275860
RandomForest,Yolo9000_12,500,55.92672413793100,1740,87.5,95.94109195402300
RandomForest,Yolo9000_12,1000,62.53591954022990,1432,90.44540229885060,97.30603448275860
RandomForest,Yolo9000_12,1500,65.1580459770115,1348,90.80459770114940,97.48563218390800
RandomTree,Yolo9000_12,20,26.113505747126400,4084,57.435344827586200,76.9396551724138
RandomTree,Yolo9000_12,50,25.251436781609200,4424,56.537356321839100,76.61637931034480
RandomTree,Yolo9000_12,100,40.51724137931030,2698,75.35919540229890,91.16379310344830
RandomTree,Yolo9000_12,150,39.29597701149430,3283,67.85201149425290,85.0574712643678
RandomTree,Yolo9000_12,200,42.133620689655200,2467,79.20258620689660,92.88793103448280
RandomTree,Yolo9000_12,350,42.887931034482800,2599,78.05316091954020,91.0919540229885
RandomTree,Yolo9000_12,500,42.7801724137931,2815,69.86350574712640,90.12212643678160
RandomTree,Yolo9000_12,1000,51.400862068965500,2108,82.47126436781610,93.85775862068970
RandomTree,Yolo9000_12,1500,54.66954022988510,2011,82.04022988505750,93.96551724137930
J48,Yolo9000_13,20,32.96296296296300,421,67.03703703703700,85.18518518518520
J48,Yolo9000_13,50,44.074074074074100,203,83.33333333333330,97.4074074074074
J48,Yolo9000_13,100,50.74074074074070,192,82.22222222222220,95.92592592592590
J48,Yolo9000_13,150,54.44444444444440,154,89.25925925925930,99.25925925925930
J48,Yolo9000_13,200,59.25925925925930,127,94.81481481481480,98.88888888888890
RandomForest,Yolo9000_13,20,17.037037037037000,562,48.888888888888900,72.22222222222220
RandomForest,Yolo9000_13,50,34.81481481481480,421,68.88888888888890,82.5925925925926
RandomForest,Yolo9000_13,100,38.148148148148100,266,78.14814814814810,93.33333333333330
RandomForest,Yolo9000_13,150,47.03703703703700,205,84.81481481481480,95.18518518518520
RandomForest,Yolo9000_13,200,54.44444444444440,154,90.37037037037040,98.51851851851850
RandomTree,Yolo9000_13,20,21.48148148148150,476,61.85185185185190,79.62962962962960
RandomTree,Yolo9000_13,50,18.51851851851850,831,31.11111111111110,40.74074074074070
RandomTree,Yolo9000_13,100,27.037037037037000,399,67.4074074074074,82.22222222222220
RandomTree,Yolo9000_13,150,45.55555555555560,287,76.29629629629630,88.88888888888890
RandomTree,Yolo9000_13,200,42.96296296296300,260,77.03703703703700,87.77777777777780
J48,Yolo9000_18,20,31.25,1249,60.520833333333300,81.5625
J48,Yolo9000_18,50,41.354166666666700,964,72.39583333333330,89.27083333333330
J48,Yolo9000_18,100,54.37500000000000,674,79.27083333333330,96.14583333333330
J48,Yolo9000_18,150,61.5625,505,89.47916666666670,96.35416666666670
J48,Yolo9000_18,200,65.83333333333330,410,91.66666666666670,99.79166666666670
J48,Yolo9000_18,350,69.58333333333330,390,91.14583333333330,98.64583333333330
J48,Yolo9000_18,500,76.25,288,94.6875,99.0625
RandomForest,Yolo9000_18,20,37.916666666666700,945,76.5625,88.85416666666670
RandomForest,Yolo9000_18,50,40.10416666666670,899,77.60416666666670,91.77083333333330
RandomForest,Yolo9000_18,100,48.4375,675,83.75,97.60416666666670
RandomForest,Yolo9000_18,150,51.45833333333330,656,84.375,96.77083333333330
RandomForest,Yolo9000_18,200,57.395833333333300,544,88.54166666666670,98.02083333333330
RandomForest,Yolo9000_18,350,63.33333333333330,459,90.9375,98.02083333333330
RandomForest,Yolo9000_18,500,66.5625,421,91.04166666666670,98.64583333333330
RandomTree,Yolo9000_18,20,15.833333333333300,1697,45.625,71.77083333333330
RandomTree,Yolo9000_18,50,30.312500000000000,1192,59.791666666666700,85.9375
RandomTree,Yolo9000_18,100,38.958333333333300,930,73.64583333333330,92.08333333333330
RandomTree,Yolo9000_18,150,38.854166666666700,982,74.58333333333330,89.16666666666670
RandomTree,Yolo9000_18,200,44.895833333333300,737,82.91666666666670,95.83333333333330
RandomTree,Yolo9000_18,350,52.083333333333300,641,84.16666666666670,97.5
RandomTree,Yolo9000_18,500,56.041666666666700,580,86.77083333333330,97.70833333333330
J48,Yolo9000_19,20,21.21212121212120,105,63.63636363636360,72.72727272727270
J48,Yolo9000_19,50,45.45454545454550,44,93.93939393939390,96.96969696969700
RandomForest,Yolo9000_19,20,25.757575757575800,100,56.060606060606100,83.33333333333330
RandomForest,Yolo9000_19,50,22.727272727272700,100,66.66666666666670,75.75757575757580
RandomTree,Yolo9000_19,20,18.181818181818200,117,43.93939393939390,66.66666666666670
RandomTree,Yolo9000_19,50,15.151515151515200,144,51.515151515151500,59.09090909090910